{"schemaVersion":"1.0","appDefinitionTemplate":{"id":"/providers/Microsoft.PowerApps/apps/","type":"Microsoft.PowerApps/apps","tags":{"primaryDeviceWidth":"1366","primaryDeviceHeight":"768","sienaVersion":"20190501T193035Z-3.19043.16.0","deviceCapabilities":"","supportsPortrait":"false","supportsLandscape":"true","primaryFormFactor":"Tablet","publisherVersion":"3.19043.16","minimumRequiredApiVersion":"2.2.0"},"properties":{"appVersion":"2019-05-01T19:30:35Z","lifeCycleId":"Published","createdByClientVersion":{"major":3,"minor":19043,"build":16,"revision":0,"majorRevision":0,"minorRevision":0},"minClientVersion":{"major":3,"minor":19043,"build":16,"revision":0,"majorRevision":0,"minorRevision":0},"backgroundColor":"rgba(0, 176, 240, 1)","backgroundImageUri":"/11256575366661490080/Ndd45942f-d521-48db-b06e-65fb63ecffdc-logoSmallFile","displayName":"Talent Portal","description":"","appUris":{"documentUri":{"value":"/11256575366661490080/N1ea98155-0eb9-4243-9ad1-d7b7ce33a471-document.msapp"},"imageUris":[]},"createdTime":"0001-01-01T00:00:00Z","lastModifiedTime":"0001-01-01T00:00:00Z","sharedGroupsCount":0,"sharedUsersCount":0,"icons":{"smallIconUri":"/11256575366661490080/N6762e670-d761-43d6-af7c-fa1b97f713ab-small.png","mediumIconUri":"/11256575366661490080/Ndb07bc56-2724-4f9c-be27-3158b21d53c8-medium.png","largeIconUri":"/11256575366661490080/N7ba946b3-c130-4877-a14e-a6408046cd41-large.png","wideIconUri":"/11256575366661490080/Ncbb47b99-42e9-465d-a50c-8bc3967c15e6-wide.png"},"connectionReferences":{"6747de33-be56-4802-898e-6d47f1333b08":{"id":"5c18e4e2-7765-4e9d-9d17-0fa1e43fa8cb","displayName":"Office 365 Users","iconUri":"https://connectoricons-prod.azureedge.net/office365users/icon_1.0.1002.1175.png","dataSources":["Office365Users"],"dependencies":[],"dependents":[],"parameterHints":{},"isOnPremiseConnection":false,"bypassConsent":false,"dataSets":{},"apiTier":"Standard","isCustomApiConnection":false},"3650dada-2aa4-46c8-842d-92a915552a52":{"id":"e69eb4a4-ac25-4add-b17a-bdfaa3bcccfe","displayName":"SharePoint","iconUri":"https://connectoricons-prod.azureedge.net/sharepointonline/icon_1.0.1008.1183.png","dataSources":["Talent Portal Collab List"],"dependencies":[],"dependents":[],"parameterHints":{},"isOnPremiseConnection":false,"bypassConsent":false,"dataSets":{"https://cognizantonline.sharepoint.com/sites/NACollabProposals2/fulfillment/ResourcesProjectForecast":{"dataSources":{"Talent Portal Collab List":{"tableName":"6ba461ee-dd2a-4e8d-91ef-532e9687719e"}}}},"apiTier":"Standard","isCustomApiConnection":false},"1d97fb28-9af3-4525-8fd3-d6f92f1fdba3":{"id":"e69eb4a4-ac25-4add-b17a-bdfaa3bcccfe","displayName":"SharePoint","iconUri":"https://connectoricons-prod.azureedge.net/sharepointonline/icon_1.0.1008.1183.png","dataSources":["Talent Portal List"],"dependencies":[],"dependents":[],"parameterHints":{},"isOnPremiseConnection":false,"bypassConsent":false,"dataSets":{"https://cognizantonline.sharepoint.com/sites/NACollabProposals2/fulfillment/ResourcesProjectForecast":{"dataSources":{"Talent Portal List":{"tableName":"6ba461ee-dd2a-4e8d-91ef-532e9687719e"}}}},"apiTier":"Standard","isCustomApiConnection":false},"c6e0cbef-8368-4b43-a57e-2690d0b02ef8":{"id":"e69eb4a4-ac25-4add-b17a-bdfaa3bcccfe","displayName":"SharePoint","iconUri":"https://connectoricons-prod.azureedge.net/sharepointonline/icon_1.0.1008.1183.png","dataSources":["Skills Config"],"dependencies":[],"dependents":[],"parameterHints":{},"isOnPremiseConnection":false,"bypassConsent":false,"dataSets":{"https://cognizantonline.sharepoint.com/sites/NACollabProposals2/fulfillment/ResourcesProjectForecast":{"dataSources":{"Skills Config":{"tableName":"75f94d0f-b6eb-4836-8999-442187976739"}}}},"apiTier":"Standard","isCustomApiConnection":false},"54e0e16b-13a8-48c7-aa7f-dfede83a8126":{"id":"e69eb4a4-ac25-4add-b17a-bdfaa3bcccfe","displayName":"SharePoint","iconUri":"https://connectoricons-prod.azureedge.net/sharepointonline/icon_1.0.1008.1183.png","dataSources":["Tools Config"],"dependencies":[],"dependents":[],"parameterHints":{},"isOnPremiseConnection":false,"bypassConsent":false,"dataSets":{"https://cognizantonline.sharepoint.com/sites/NACollabProposals2/fulfillment/ResourcesProjectForecast":{"dataSources":{"Tools Config":{"tableName":"d4ab77b7-9d35-494c-9aff-a156cb1c97e2"}}}},"apiTier":"Standard","isCustomApiConnection":false},"842eac63-75b2-466d-b217-c55c91a2032b":{"id":"e69eb4a4-ac25-4add-b17a-bdfaa3bcccfe","displayName":"SharePoint","iconUri":"https://connectoricons-prod.azureedge.net/sharepointonline/icon_1.0.1008.1183.png","dataSources":["Job Portal - Collab"],"dependencies":[],"dependents":[],"parameterHints":{},"isOnPremiseConnection":false,"bypassConsent":false,"dataSets":{"https://cognizantonline.sharepoint.com/sites/NACollabProposals2/fulfillment/ResourcesProjectForecast":{"dataSources":{"Job Portal - Collab":{"tableName":"d1708707-c014-4abb-a12a-e4125830a3a2"}}}},"apiTier":"Standard","isCustomApiConnection":false}},"databaseReferences":{},"almMode":"Environment","performanceOptimizationEnabled":true,"executionRestrictions":{"isTeamsOnly":false,"dataLossPreventionEvaluationResult":{"status":"Compliant","lastEvaluationDate":"2020-10-29T15:16:11.5230787Z","violationDetails":[]}}},"appType":"ClassicCanvasApp","appComponents":[]}}